url,error
https://www.hemnet.se/bostad/lagenhet-3rum-gamlestaden-goteborgs-kommun-spinnerigatan-7-21566361,No data returned
https://www.hemnet.se/bostad/lagenhet-1rum-gamlestaden-goteborgs-kommun-spinnerigatan-11-21566344,No data returned
https://www.hemnet.se/bostad/lagenhet-4rum-jarvastaden-solna-kommun-jarva-skjutbanevag-44-21525904,No data returned
https://www.hemnet.se/bostad/lagenhet-2rum-gamlestaden-goteborgs-kommun-spinnerigatan-5-21508309,No data returned
https://www.hemnet.se/bostad/lagenhet-4rum-sigtuna-stadsangar-sigtuna-kommun-lehmans-gata-21630383,No data returned
https://www.hemnet.se/bostad/lagenhet-4rum-sigtuna-stadsangar-sigtuna-kommun-lehmans-gata-21630377,No data returned
https://www.hemnet.se/bostad/lagenhet-4rum-sigtuna-stadsangar-sigtuna-kommun-lehmans-gata-21630373,No data returned
https://www.hemnet.se/bostad/lagenhet-4rum-sigtuna-stadsangar-sigtuna-kommun-lehmans-gata-21630376,No data returned
https://www.hemnet.se/bostad/lagenhet-5rum-taby-park-taby-kommun-boulevarden-27-18675515,No data returned
