property_id,url,area_range,scraped_at
4602464397932196037,https://www.hemnet.se/salda/lagenhet-6rum-norr-helsingborgs-kommun-drottninggatan-228-4602464397932196037,242-292m²,2026-04-06T22:55:50.078814
1416835,https://www.hemnet.se/salda/lagenhet-6rum-lund-centrum-lunds-kommun-klostergatan-10-1416835,242-292m²,2026-04-06T22:55:50.078821
6017191002949408086,https://www.hemnet.se/salda/lagenhet-6rum-vaster-landskrona-kommun-carl-xi-s-vag-20-6017191002949408086,242-292m²,2026-04-06T22:55:50.078825
595361,"https://www.hemnet.se/salda/lagenhet-6rum-stockholm-norrmalm-stockholms-kommun-upplandsgatan-19-a,-1tr-595361",242-292m²,2026-04-06T22:55:50.078827
266370,https://www.hemnet.se/salda/lagenhet-7rum-vasastaden-goteborgs-kommun-aschebergsgatan-33-266370,242-292m²,2026-04-06T22:55:50.078830
325631,https://www.hemnet.se/salda/lagenhet-11rum-osterhaninge-haninge-kommun-hasslingby-gard-1-325631,242-292m²,2026-04-06T22:55:50.078832
1347292,https://www.hemnet.se/salda/lagenhet-6rum-djursholm-danderyds-kommun-stockholmsvagen-120-1347292,242-292m²,2026-04-06T22:55:50.078835
1442032,https://www.hemnet.se/salda/lagenhet-6rum-ostermalm-stockholms-kommun-nybrogatan-14-1442032,242-292m²,2026-04-06T22:55:50.078837
9046600827327649955,https://www.hemnet.se/salda/lagenhet-8rum-drottningtorget-malmo-kommun-drottningtorget-3-9046600827327649955,242-292m²,2026-04-06T22:55:50.078839
214613496097964200,https://www.hemnet.se/salda/lagenhet-7rum-lund-centrum-lunds-kommun-klostergatan-10-214613496097964200,242-292m²,2026-04-06T22:55:50.078842
1472324,https://www.hemnet.se/salda/lagenhet-6rum-vasastan-ostermalm-stockholms-kommun-birger-jarlsgatan-69-1472324,242-292m²,2026-04-06T22:55:50.078845
1372687,https://www.hemnet.se/salda/lagenhet-7rum-centrum-stenstaden-sundsvalls-kommun-kopmangatan-4-1372687,242-292m²,2026-04-06T22:55:50.078847
1406447,https://www.hemnet.se/salda/lagenhet-262m2-norr-helsingborg-helsingborgs-kommun-drottninggatan-230-1406447,242-292m²,2026-04-06T22:55:50.078850
51182,https://www.hemnet.se/salda/lagenhet-6rum-centralt-falu-kommun-parkgatan-3-51182,242-292m²,2026-04-06T22:55:50.078852
1065180,https://www.hemnet.se/salda/lagenhet-7rum-ostermalm-stockholms-kommun-strandvagen-1065180,242-292m²,2026-04-06T22:55:50.078855
1123751,https://www.hemnet.se/salda/lagenhet-7rum-ostermalm-stockholms-kommun-strandvagen-31-1123751,242-292m²,2026-04-06T22:55:50.078857
905421,"https://www.hemnet.se/salda/lagenhet-6rum-ostermalm-stockholms-kommun-karlavagen-1,-2-tr-905421",242-292m²,2026-04-06T22:55:50.078860
3664611193321996329,https://www.hemnet.se/salda/lagenhet-6rum-kungsholmen-stockholms-kommun-norr-malarstrand-82-3tr-3664611193321996329,242-292m²,2026-04-06T22:55:50.078862
1384535,https://www.hemnet.se/salda/lagenhet-8rum-ostermalm-stockholms-kommun-verdandigatan-3-1384535,242-292m²,2026-04-06T22:55:50.078864
1484259,https://www.hemnet.se/salda/lagenhet-7rum-ostermalm-stockholms-kommun-artillerigatan-4-strandvagen-7b-1484259,242-292m²,2026-04-06T22:55:50.078867
8738098448618192974,https://www.hemnet.se/salda/lagenhet-7rum-vasastaden-goteborgs-kommun-haga-kyrkogata-28-a-8738098448618192974,242-292m²,2026-04-06T22:55:50.078870
5778442292972766723,https://www.hemnet.se/salda/lagenhet-6rum-ostermalm-stockholms-kommun-baltgatan-2-5778442292972766723,242-292m²,2026-04-06T22:55:50.078873
1019160,"https://www.hemnet.se/salda/lagenhet-7,5rum-lorensberg-goteborgs-kommun-berzeliigatan-26-1019160",242-292m²,2026-04-06T22:55:50.078875
6798457183066982341,https://www.hemnet.se/salda/lagenhet-6rum-ostermalm-stockholms-kommun-birger-jarlsgatan-42-6798457183066982341,242-292m²,2026-04-06T22:55:50.078878
678968,https://www.hemnet.se/salda/lagenhet-7rum-fjardingen-uppsala-kommun-ovre-slottsgatan-22-c-s-t-johannesgatan-20-678968,242-292m²,2026-04-06T22:55:50.078881
1373266,https://www.hemnet.se/salda/lagenhet-9rum-ostermalm-stockholms-kommun-sibyllegatan-53-1373266,242-292m²,2026-04-06T22:55:50.078884
1311023,https://www.hemnet.se/salda/lagenhet-7rum-vasastaden-goteborgs-kommun-aschebergsgatan-33-1311023,242-292m²,2026-04-06T22:55:50.078887
8793497574724405552,https://www.hemnet.se/salda/lagenhet-7rum-maria-park-helsingborgs-kommun-carl-westmans-alle-8a-8793497574724405552,242-292m²,2026-04-06T22:55:50.078890
749608,https://www.hemnet.se/salda/lagenhet-8rum-vastra-hamnen-malmo-kommun-barometergatan-54-749608,242-292m²,2026-04-06T22:55:50.078892
7346540539454245365,https://www.hemnet.se/salda/lagenhet-6rum-vasastan-odenplan-stockholms-kommun-karlbergsvagen-16-7346540539454245365,242-292m²,2026-04-06T22:55:50.078895
516108,https://www.hemnet.se/salda/lagenhet-6rum-ostermalm-stockholms-kommun-birger-jarlsgatan-42-516108,242-292m²,2026-04-06T22:55:50.078897
6246431701055913698,https://www.hemnet.se/salda/lagenhet-7rum-ostermalm-stockholms-kommun-floragatan-5-6246431701055913698,242-292m²,2026-04-06T22:55:50.078900
217814,https://www.hemnet.se/salda/lagenhet-5rum-centrum-karlstads-kommun-norra-strandgatan-2-217814,242-292m²,2026-04-06T22:55:50.078902
3330544588429598907,https://www.hemnet.se/salda/lagenhet-8rum-davidshall-malmo-kommun-regementsgatan-6-3330544588429598907,242-292m²,2026-04-06T22:55:50.078905
935226,https://www.hemnet.se/salda/lagenhet-263m2-ostermalm-stockholms-kommun-karlavagen-101-935226,242-292m²,2026-04-06T22:55:50.078907
995677,https://www.hemnet.se/salda/lagenhet-9rum-kvarnholmen-nacka-kommun-kvarnholmsvagen-96-bageriet-penthouse-995677,242-292m²,2026-04-06T22:55:50.078909
1218455,"https://www.hemnet.se/salda/lagenhet-6rum-kungsholmen-stockholms-kommun-norr-malarstrand-24,-5-tr-1218455",242-292m²,2026-04-06T22:55:50.078912
395560,https://www.hemnet.se/salda/lagenhet-8rum-malmo-city-malmo-kommun-sodra-promenaden-57-395560,242-292m²,2026-04-06T22:55:50.078914
5291562191500555142,https://www.hemnet.se/salda/lagenhet-5rum-lorensberg-goteborgs-kommun-sodra-vagen-59-5291562191500555142,242-292m²,2026-04-06T22:55:50.078917
99859,https://www.hemnet.se/salda/lagenhet-9rum-malarhojden-stockholms-kommun-hagerstens-gard-hagerstensbrinken-29-99859,242-292m²,2026-04-06T22:55:50.078920
1292769,https://www.hemnet.se/salda/lagenhet-8rum-nynashamn-nynashamns-kommun-vikingavagen-17-1292769,242-292m²,2026-04-06T22:55:50.078922
1657506248240518490,https://www.hemnet.se/salda/lagenhet-7rum-ostermalm-stockholms-kommun-ostermalmsgatan-49-1657506248240518490,242-292m²,2026-04-06T22:55:50.078925
7472946027686066113,https://www.hemnet.se/salda/lagenhet-6rum-framre-luthagen-uppsala-kommun-vasagatan-1c-7472946027686066113,242-292m²,2026-04-06T22:55:50.078927
210574,"https://www.hemnet.se/salda/lagenhet-9rum-centrum-borlange-kommun-parkgatan-7,-lokal-210574",242-292m²,2026-04-06T22:55:50.078929
1432358,https://www.hemnet.se/salda/lagenhet-6rum-ostermalm-stockholms-kommun-karlavagen-11-1432358,242-292m²,2026-04-06T22:55:50.078931
987055,https://www.hemnet.se/salda/lagenhet-6rum-ostermalm-stockholms-kommun-eriksbergsgatan-12a-987055,242-292m²,2026-04-06T22:55:50.078934
4211335749626451375,https://www.hemnet.se/salda/lagenhet-6rum-ostermalm-stockholms-kommun-skeppargatan-78-4211335749626451375,242-292m²,2026-04-06T22:55:50.078936
347957,"https://www.hemnet.se/salda/lagenhet-6,5rum-vasastan-stockholms-kommun-sveavagen-120,-3-tr-347957",242-292m²,2026-04-06T22:55:50.078938
369022,https://www.hemnet.se/salda/lagenhet-5rum-kalleback-goteborgs-kommun-smorgatan-102-369022,242-292m²,2026-04-06T22:55:50.078940
1143209,"https://www.hemnet.se/salda/lagenhet-6,5rum-ostermalm-stockholms-kommun-birger-jarlsgatan-42-1143209",242-292m²,2026-04-06T22:55:50.078942
147623,https://www.hemnet.se/salda/lagenhet-8rum-bodal-lidingo-kommun-bodalsvagen-22-147623,242-292m²,2026-04-06T22:55:50.078944
987174,https://www.hemnet.se/salda/lagenhet-6rum-ostermalm-stockholms-kommun-strandvagen-19-987174,242-292m²,2026-04-06T22:55:50.078946
295740,https://www.hemnet.se/salda/lagenhet-9rum-malarhojden-stockholms-kommun-hagerstens-gard-hagerstensbrinken-29-295740,242-292m²,2026-04-06T22:55:50.078949
1303419,"https://www.hemnet.se/salda/lagenhet-6rum-kungsholmen-stockholms-kommun-scheelegatan-17,-3-tr-1303419",242-292m²,2026-04-06T22:55:50.078951
7344370375654521276,https://www.hemnet.se/salda/lagenhet-7rum-ostermalm-stockholms-kommun-ostermalmsgatan-89-7344370375654521276,242-292m²,2026-04-06T22:55:50.078953
3279378196475293677,https://www.hemnet.se/salda/lagenhet-7rum-ostermalm-stockholms-kommun-baltgatan-2-3279378196475293677,242-292m²,2026-04-06T22:55:50.078956
451006,"https://www.hemnet.se/salda/lagenhet-7rum-ostermalm-djurgarden-stockholms-kommun-strandvagen-49,-tr-451006",242-292m²,2026-04-06T22:55:50.078958
1298758,https://www.hemnet.se/salda/lagenhet-6rum-ostermalm-stockholms-kommun-karlavagen-11-1298758,242-292m²,2026-04-06T22:55:50.078960
1193066,https://www.hemnet.se/salda/lagenhet-7rum-ovre-slotts-uppsala-kommun-ovre-slottsgatan-22c-s-t-johannesgatan-20-1193066,242-292m²,2026-04-06T22:55:50.078964
4769485325537013753,https://www.hemnet.se/salda/lagenhet-6rum-vasastaden-goteborgs-kommun-haga-kyrkogata-28a-4769485325537013753,242-292m²,2026-04-06T22:55:50.078966
940130,"https://www.hemnet.se/salda/lagenhet-6,5rum-ostermalm-stockholms-kommun-baltgatan-2-940130",242-292m²,2026-04-06T22:55:50.078968
271856,"https://www.hemnet.se/salda/lagenhet-8rum-ostermalm-city-stockholms-kommun-radmansgatan-25-a,-vaning-5-6-271856",242-292m²,2026-04-06T22:55:50.078971
8210651529579987810,https://www.hemnet.se/salda/lagenhet-7rum-drottningtorget-malmo-kommun-ostergatan-1-8210651529579987810,242-292m²,2026-04-06T22:55:50.078973
1471729,https://www.hemnet.se/salda/lagenhet-6rum-ostermalm-stockholms-kommun-runebergsgatan-7-1471729,242-292m²,2026-04-06T22:55:50.078976
1078180,https://www.hemnet.se/salda/lagenhet-7rum-ostermalm-stockholms-kommun-lutzengatan-5a-1078180,242-292m²,2026-04-06T22:55:50.078978
629604,https://www.hemnet.se/salda/lagenhet-7rum-vasastan-ostermalm-stockholms-kommun-odengatan-16-629604,242-292m²,2026-04-06T22:55:50.078981
2704705967566233880,https://www.hemnet.se/salda/lagenhet-8rum-vasastan-stockholms-kommun-karlbergsvagen-40-2704705967566233880,242-292m²,2026-04-06T22:55:50.078983
1264973,https://www.hemnet.se/salda/lagenhet-7rum-vasastan-stockholms-kommun-odengatan-62-1264973,242-292m²,2026-04-06T22:55:50.078985
121638,"https://www.hemnet.se/salda/lagenhet-263,9m2-centralt-vaster-orebro-kommun-hertig-karls-alle-17-121638",242-292m²,2026-04-06T22:55:50.078988
830707,https://www.hemnet.se/salda/lagenhet-5rum-lorensberg-goteborgs-kommun-carlandersplatsen-2-830707,242-292m²,2026-04-06T22:55:50.078990
629837,https://www.hemnet.se/salda/lagenhet-8rum-stenstaden-sundsvalls-kommun-kopmangatan-4-629837,242-292m²,2026-04-06T22:55:50.078993
530620393332191716,"https://www.hemnet.se/salda/lagenhet-2rum-vasastan-stockholms-kommun-upplandsgatan-17b,-2tr-530620393332191716",242-292m²,2026-04-06T22:55:50.078995
5231611697130314940,https://www.hemnet.se/salda/lagenhet-8rum-ostermalm-stockholms-kommun-karlavagen-83-5231611697130314940,242-292m²,2026-04-06T22:55:50.078997
6520610665471198441,https://www.hemnet.se/salda/lagenhet-7rum-ostermalm-stockholms-kommun-nybrogatan-61-6520610665471198441,242-292m²,2026-04-06T22:55:50.079000
771557,https://www.hemnet.se/salda/lagenhet-7rum-vasastaden-goteborgs-kommun-aschebergsgatan-33-771557,242-292m²,2026-04-06T22:55:50.079002
1247104,https://www.hemnet.se/salda/lagenhet-6rum-ostermalm-stockholms-kommun-skeppargatan-78-1247104,242-292m²,2026-04-06T22:55:50.079005
1286234,https://www.hemnet.se/salda/lagenhet-8rum-ostermalm-stockholms-kommun-narvavagen-8-1286234,242-292m²,2026-04-06T22:55:50.079007
1363589076211123320,https://www.hemnet.se/salda/lagenhet-4rum-galgamarken-trosso-karlskrona-kommun-kungsbron-7-lgh-1401-1363589076211123320,242-292m²,2026-04-06T22:55:50.079010
161200812997702533,https://www.hemnet.se/salda/lagenhet-8rum-drottningtorget-malmo-kommun-drottningtorget-3-161200812997702533,242-292m²,2026-04-06T22:55:50.079013
467079,https://www.hemnet.se/salda/lagenhet-6rum-mosebacke-norrtalje-kommun-faktorigatan-2-467079,242-292m²,2026-04-06T22:55:50.079015
8143222385228498478,"https://www.hemnet.se/salda/lagenhet-7rum-kungsholmen-stockholms-kommun-bergsgatan-2,-3-tr-8143222385228498478",242-292m²,2026-04-06T22:55:50.079017
1552970247113890993,https://www.hemnet.se/salda/lagenhet-7rum-drottningtorget-malmo-kommun-bagersgatan-2-1552970247113890993,242-292m²,2026-04-06T22:55:50.079020
1199938,https://www.hemnet.se/salda/lagenhet-6rum-djursholm-danderyds-kommun-stockholmsvagen-120-1199938,242-292m²,2026-04-06T22:55:50.079022
8720786277298587332,https://www.hemnet.se/salda/lagenhet-7rum-ostermalm-stockholms-kommun-karlavagen-71-8720786277298587332,242-292m²,2026-04-06T22:55:50.079024
727663,https://www.hemnet.se/salda/lagenhet-8rum-osterhaninge-haninge-kommun-hasslingby-gard-2-727663,242-292m²,2026-04-06T22:55:50.079027
258527,"https://www.hemnet.se/salda/lagenhet-7rum-vasastan-odenplan-stockholms-kommun-odengatan-45,-4-tr-258527",242-292m²,2026-04-06T22:55:50.079029
983533,https://www.hemnet.se/salda/lagenhet-5rum-stigberget-goteborgs-kommun-prinsgatan-6-983533,242-292m²,2026-04-06T22:55:50.079031
919362,https://www.hemnet.se/salda/lagenhet-6rum-ostermalm-stockholms-kommun-lill-jans-plan-1-919362,242-292m²,2026-04-06T22:55:50.079034
8401064388882247325,https://www.hemnet.se/salda/lagenhet-7rum-innerstaden-linkopings-kommun-klostergatan-60-8401064388882247325,242-292m²,2026-04-06T22:55:50.079036
